{
  "top": [
    "Bari",
    "Firenze",
    "Palermo"
  ],
  "ruote": {
    "Bari": {
      "ultima": [
        79,
        7,
        19,
        57,
        33
      ],
      "ambo": [
        41,
        67
      ],
      "score": 332.72049405843677
    },
    "Cagliari": {
      "ultima": [
        62,
        76,
        31,
        54,
        48
      ],
      "ambo": [
        41,
        26
      ],
      "score": 275.8293349536217
    },
    "Firenze": {
      "ultima": [
        72,
        11,
        41,
        48,
        6
      ],
      "ambo": [
        47,
        90
      ],
      "score": 315.1056822338876
    },
    "Genova": {
      "ultima": [
        75,
        60,
        9,
        41,
        40
      ],
      "ambo": [
        66,
        6
      ],
      "score": 232.62382612153306
    },
    "Milano": {
      "ultima": [
        79,
        28,
        27,
        18,
        48
      ],
      "ambo": [
        85,
        34
      ],
      "score": 294.5801374975806
    },
    "Napoli": {
      "ultima": [
        2,
        33,
        78,
        19,
        74
      ],
      "ambo": [
        40,
        1
      ],
      "score": 285.0257257000777
    },
    "Palermo": {
      "ultima": [
        81,
        44,
        31,
        63,
        69
      ],
      "ambo": [
        46,
        45
      ],
      "score": 300.26745826266483
    },
    "Roma": {
      "ultima": [
        30,
        11,
        82,
        56,
        41
      ],
      "ambo": [
        17,
        40
      ],
      "score": 244.84677894228724
    },
    "Torino": {
      "ultima": [
        7,
        43,
        50,
        18,
        82
      ],
      "ambo": [
        49,
        46
      ],
      "score": 251.96981954569907
    },
    "Venezia": {
      "ultima": [
        8,
        19,
        36,
        7,
        75
      ],
      "ambo": [
        65,
        32
      ],
      "score": 271.1883704644879
    }
  },
  "giocate": [
    {
      "ruota": "Bari",
      "ambo": [
        41,
        67
      ]
    },
    {
      "ruota": "Firenze",
      "ambo": [
        47,
        90
      ]
    },
    {
      "ruota": "Palermo",
      "ambo": [
        46,
        45
      ]
    }
  ],
  "jolly": {
    "ruota": "Napoli",
    "ambo": [
      41,
      67
    ]
  }
}