{
  "top": [
    "Bari",
    "Firenze",
    "Palermo"
  ],
  "ruote": {
    "Bari": {
      "ultima": [
        38,
        32,
        49,
        34,
        21
      ],
      "ambo": [
        41,
        67
      ],
      "score": 329.3615623981814
    },
    "Cagliari": {
      "ultima": [
        77,
        90,
        3,
        60,
        62
      ],
      "ambo": [
        41,
        26
      ],
      "score": 272.0711361939726
    },
    "Firenze": {
      "ultima": [
        44,
        30,
        20,
        49,
        55
      ],
      "ambo": [
        47,
        90
      ],
      "score": 312.13178799367586
    },
    "Genova": {
      "ultima": [
        14,
        19,
        7,
        16,
        44
      ],
      "ambo": [
        66,
        6
      ],
      "score": 230.1645522674539
    },
    "Milano": {
      "ultima": [
        68,
        50,
        81,
        41,
        90
      ],
      "ambo": [
        85,
        34
      ],
      "score": 291.41390433380957
    },
    "Napoli": {
      "ultima": [
        52,
        9,
        22,
        41,
        57
      ],
      "ambo": [
        40,
        1
      ],
      "score": 281.2703269599118
    },
    "Palermo": {
      "ultima": [
        84,
        26,
        37,
        77,
        29
      ],
      "ambo": [
        46,
        45
      ],
      "score": 295.795017724377
    },
    "Roma": {
      "ultima": [
        43,
        81,
        52,
        82,
        89
      ],
      "ambo": [
        17,
        63
      ],
      "score": 241.13291166063487
    },
    "Torino": {
      "ultima": [
        77,
        81,
        89,
        29,
        6
      ],
      "ambo": [
        49,
        46
      ],
      "score": 248.37679134511654
    },
    "Venezia": {
      "ultima": [
        57,
        41,
        29,
        53,
        2
      ],
      "ambo": [
        65,
        32
      ],
      "score": 267.82863013847566
    }
  },
  "giocate": [
    {
      "ruota": "Bari",
      "ambo": [
        41,
        67
      ]
    },
    {
      "ruota": "Firenze",
      "ambo": [
        47,
        90
      ]
    },
    {
      "ruota": "Palermo",
      "ambo": [
        46,
        45
      ]
    }
  ],
  "jolly": {
    "ruota": "Napoli",
    "ambo": [
      41,
      67
    ]
  }
}