{
  "top": [
    "Bari",
    "Firenze",
    "Palermo"
  ],
  "ruote": {
    "Bari": {
      "ultima": [
        80,
        54,
        31,
        75,
        71
      ],
      "ambo": [
        41,
        67
      ],
      "score": 326.4926182479086
    },
    "Cagliari": {
      "ultima": [
        38,
        23,
        54,
        50,
        89
      ],
      "ambo": [
        41,
        26
      ],
      "score": 270.3270102264314
    },
    "Firenze": {
      "ultima": [
        57,
        73,
        82,
        35,
        45
      ],
      "ambo": [
        47,
        90
      ],
      "score": 308.3419252476913
    },
    "Genova": {
      "ultima": [
        58,
        70,
        12,
        65,
        85
      ],
      "ambo": [
        66,
        6
      ],
      "score": 226.85725131382742
    },
    "Milano": {
      "ultima": [
        82,
        20,
        35,
        14,
        8
      ],
      "ambo": [
        85,
        34
      ],
      "score": 291.63328307672515
    },
    "Napoli": {
      "ultima": [
        48,
        65,
        79,
        52,
        16
      ],
      "ambo": [
        40,
        22
      ],
      "score": 281.23514935608586
    },
    "Palermo": {
      "ultima": [
        5,
        60,
        56,
        1,
        25
      ],
      "ambo": [
        46,
        45
      ],
      "score": 292.70340929555863
    },
    "Roma": {
      "ultima": [
        65,
        12,
        73,
        3,
        49
      ],
      "ambo": [
        17,
        40
      ],
      "score": 238.84100816083605
    },
    "Torino": {
      "ultima": [
        39,
        43,
        44,
        36,
        67
      ],
      "ambo": [
        49,
        65
      ],
      "score": 247.12333111916308
    },
    "Venezia": {
      "ultima": [
        71,
        76,
        49,
        6,
        56
      ],
      "ambo": [
        65,
        32
      ],
      "score": 264.4176624081294
    }
  },
  "giocate": [
    {
      "ruota": "Bari",
      "ambo": [
        41,
        67
      ]
    },
    {
      "ruota": "Firenze",
      "ambo": [
        47,
        90
      ]
    },
    {
      "ruota": "Palermo",
      "ambo": [
        46,
        45
      ]
    }
  ],
  "jolly": {
    "ruota": "Napoli",
    "ambo": [
      41,
      67
    ]
  }
}