{
  "top": [
    "Bari",
    "Firenze",
    "Palermo"
  ],
  "ruote": {
    "Bari": {
      "ultima": [
        79,
        7,
        19,
        57,
        33
      ],
      "ambo": [
        41,
        67
      ],
      "score": 332.84828724520946
    },
    "Cagliari": {
      "ultima": [
        62,
        76,
        31,
        54,
        48
      ],
      "ambo": [
        41,
        26
      ],
      "score": 275.6898761734561
    },
    "Firenze": {
      "ultima": [
        72,
        11,
        41,
        48,
        6
      ],
      "ambo": [
        47,
        90
      ],
      "score": 315.5509292086067
    },
    "Genova": {
      "ultima": [
        75,
        60,
        9,
        41,
        40
      ],
      "ambo": [
        66,
        6
      ],
      "score": 232.65615493869734
    },
    "Milano": {
      "ultima": [
        79,
        28,
        27,
        18,
        48
      ],
      "ambo": [
        85,
        34
      ],
      "score": 294.48191173424254
    },
    "Napoli": {
      "ultima": [
        2,
        33,
        78,
        19,
        74
      ],
      "ambo": [
        40,
        1
      ],
      "score": 284.6698576474586
    },
    "Palermo": {
      "ultima": [
        81,
        44,
        31,
        63,
        69
      ],
      "ambo": [
        46,
        45
      ],
      "score": 300.6234630020905
    },
    "Roma": {
      "ultima": [
        30,
        11,
        82,
        56,
        41
      ],
      "ambo": [
        17,
        40
      ],
      "score": 245.12939419370713
    },
    "Torino": {
      "ultima": [
        7,
        43,
        50,
        18,
        82
      ],
      "ambo": [
        49,
        46
      ],
      "score": 251.61599066628435
    },
    "Venezia": {
      "ultima": [
        8,
        19,
        36,
        7,
        75
      ],
      "ambo": [
        65,
        32
      ],
      "score": 270.91237786299666
    }
  },
  "giocate": [
    {
      "ruota": "Bari",
      "ambo": [
        41,
        67
      ]
    },
    {
      "ruota": "Firenze",
      "ambo": [
        47,
        90
      ]
    },
    {
      "ruota": "Palermo",
      "ambo": [
        46,
        45
      ]
    }
  ],
  "jolly": {
    "ruota": "Napoli",
    "ambo": [
      41,
      67
    ]
  }
}