{
  "top": [
    "Bari",
    "Firenze",
    "Palermo"
  ],
  "ruote": {
    "Bari": {
      "ultima": [
        38,
        32,
        49,
        34,
        21
      ],
      "ambo": [
        41,
        67
      ],
      "score": 328.7273657998628
    },
    "Cagliari": {
      "ultima": [
        77,
        90,
        3,
        60,
        62
      ],
      "ambo": [
        41,
        26
      ],
      "score": 272.54044906039206
    },
    "Firenze": {
      "ultima": [
        44,
        30,
        20,
        49,
        55
      ],
      "ambo": [
        47,
        90
      ],
      "score": 311.9059797698636
    },
    "Genova": {
      "ultima": [
        14,
        19,
        7,
        16,
        44
      ],
      "ambo": [
        66,
        6
      ],
      "score": 230.10696368428603
    },
    "Milano": {
      "ultima": [
        68,
        50,
        81,
        41,
        90
      ],
      "ambo": [
        85,
        34
      ],
      "score": 291.60670223035413
    },
    "Napoli": {
      "ultima": [
        52,
        9,
        22,
        41,
        57
      ],
      "ambo": [
        40,
        1
      ],
      "score": 281.5965395432475
    },
    "Palermo": {
      "ultima": [
        84,
        26,
        37,
        77,
        29
      ],
      "ambo": [
        46,
        45
      ],
      "score": 296.2050814252091
    },
    "Roma": {
      "ultima": [
        43,
        81,
        52,
        82,
        89
      ],
      "ambo": [
        17,
        63
      ],
      "score": 241.43783285662244
    },
    "Torino": {
      "ultima": [
        77,
        81,
        89,
        29,
        6
      ],
      "ambo": [
        49,
        46
      ],
      "score": 249.0162813595909
    },
    "Venezia": {
      "ultima": [
        57,
        41,
        29,
        53,
        2
      ],
      "ambo": [
        65,
        32
      ],
      "score": 267.56980533566656
    }
  },
  "giocate": [
    {
      "ruota": "Bari",
      "ambo": [
        41,
        67
      ]
    },
    {
      "ruota": "Firenze",
      "ambo": [
        47,
        90
      ]
    },
    {
      "ruota": "Palermo",
      "ambo": [
        46,
        45
      ]
    }
  ],
  "jolly": {
    "ruota": "Napoli",
    "ambo": [
      41,
      67
    ]
  }
}